﻿<?xml version="1.0" encoding="utf-8"?>
<Defs>
<HairDef>
    <label>LU-IN</label>
    <hairGender>Female</hairGender>
    <texPath>Things/BetaHair/LU_IN</texPath>
    <defName>LU-IN</defName>
	<hairTags>
      <li>Urban</li>
      <li>Rural</li>
    </hairTags>
  </HairDef>
  
<HairDef>
    <label>RENA-AN</label>
    <hairGender>Female</hairGender>
    <texPath>Things/BetaHair/RENA_AN</texPath>
    <defName>RENA-AN</defName>
	<hairTags>
      <li>Urban</li>
      <li>Rural</li>
    </hairTags>
  </HairDef>
  
<HairDef>
    <label>LU-CT</label>
    <hairGender>Female</hairGender>
    <texPath>Things/BetaHair/LU_CT</texPath>
    <defName>LU-CT</defName>
	<hairTags>
      <li>Urban</li>
      <li>Rural</li>
    </hairTags>
  </HairDef>
  
<HairDef>
    <label>LU-CT-H</label>
    <hairGender>Female</hairGender>
    <texPath>Things/BetaHair/LU_CT_H</texPath>
    <defName>LU-CT-H</defName>
	<hairTags>
      <li>Urban</li>
      <li>Rural</li>
    </hairTags>
  </HairDef>
  
<HairDef>
    <label>Altina</label>
    <hairGender>Female</hairGender>
    <texPath>Things/BetaHair/Altina</texPath>
    <defName>Altina</defName>
	<hairTags>
      <li>Urban</li>
      <li>Rural</li>
    </hairTags>
  </HairDef>
  
<HairDef>
    <label>KizunaAI</label>
    <hairGender>Female</hairGender>
    <texPath>Things/BetaHair/KizunaAI</texPath>
    <defName>KizunaAI</defName>
	<hairTags>
      <li>Urban</li>
      <li>Rural</li>
    </hairTags>
  </HairDef>
	
<HairDef>
    <label>Miku2016</label>
    <hairGender>Female</hairGender>
    <texPath>Things/BetaHair/Miku2016</texPath>
    <defName>Miku2016</defName>
	<hairTags>
      <li>Urban</li>
      <li>Rural</li>
    </hairTags>
  </HairDef>
  
<HairDef>
    <label>KC-PrinzEugen</label>
    <hairGender>Female</hairGender>
    <texPath>Things/BetaHair/KC-PrinzEugen</texPath>
    <defName>KC-PrinzEugen</defName>
	<hairTags>
      <li>Urban</li>
      <li>Rural</li>
    </hairTags>
  </HairDef>
  
<HairDef>
    <label>KC-PrinzEugen-H</label>
    <hairGender>Female</hairGender>
    <texPath>Things/BetaHair/KC-PrinzEugen_H</texPath>
    <defName>KC-PrinzEugen-H</defName>
	<hairTags>
      <li>Urban</li>
      <li>Rural</li>
    </hairTags>
  </HairDef>
  
<HairDef>
    <label>KC-Shiratsuyu-R2_C</label>
    <hairGender>Female</hairGender>
    <texPath>Things/BetaHair/KC-Shiratsuyu-R2_C</texPath>
    <defName>KC-Shiratsuyu-R2_C</defName>
	<hairTags>
      <li>Urban</li>
      <li>Rural</li>
    </hairTags>
  </HairDef>
  
<HairDef>
    <label>KC-Shiratsuyu-R2</label>
    <hairGender>Female</hairGender>
    <texPath>Things/BetaHair/KC-Shiratsuyu-R2</texPath>
    <defName>KC-Shiratsuyu-R2</defName>
	<hairTags>
      <li>Urban</li>
      <li>Rural</li>
    </hairTags>
  </HairDef>
  
<HairDef>
    <label>KC-Kashima_H</label>
    <hairGender>Female</hairGender>
    <texPath>Things/BetaHair/KC-Kashima_H</texPath>
    <defName>KC-Kashima_H</defName>
	<hairTags>
      <li>Urban</li>
      <li>Rural</li>
    </hairTags>
  </HairDef>
  
<HairDef>
    <label>KC-Kashima</label>
    <hairGender>Female</hairGender>
    <texPath>Things/BetaHair/KC-Kashima</texPath>
    <defName>KC-Kashima</defName>
	<hairTags>
      <li>Urban</li>
      <li>Rural</li>
    </hairTags>
  </HairDef>
  
<HairDef>
    <label>AL-PrinzEugen</label>
    <hairGender>Female</hairGender>
    <texPath>Things/BetaHair/AL-PrinzEugen</texPath>
    <defName>AL-PrinzEugen</defName>
	<hairTags>
      <li>Urban</li>
      <li>Rural</li>
    </hairTags>
  </HairDef>
  
<HairDef>
    <label>AL-St_Louis</label>
    <hairGender>Female</hairGender>
    <texPath>Things/BetaHair/AL-St_Louis</texPath>
    <defName>AL-St_Louis</defName>
	<hairTags>
      <li>Urban</li>
      <li>Rural</li>
    </hairTags>
  </HairDef>
  
<HairDef>
    <label>BILIBILI-22</label>
    <hairGender>Female</hairGender>
    <texPath>Things/BetaHair/BILIBILI-22</texPath>
    <defName>BILIBILI-22</defName>
	<hairTags>
      <li>Urban</li>
      <li>Rural</li>
    </hairTags>
  </HairDef>
  
<HairDef>
    <label>BILIBILI-33</label>
    <hairGender>Female</hairGender>
    <texPath>Things/BetaHair/BILIBILI-33</texPath>
    <defName>BILIBILI-33</defName>
	<hairTags>
      <li>Urban</li>
      <li>Rural</li>
    </hairTags>
  </HairDef>
  
<HairDef>
    <label>XB2-Mythra</label>
    <hairGender>Female</hairGender>
    <texPath>Things/BetaHair/XB2-Mythra</texPath>
    <defName>XB2-Mythra</defName>
	<hairTags>
      <li>Urban</li>
      <li>Rural</li>
    </hairTags>
  </HairDef>
  
<HairDef>
    <label>XB2-Pneuma</label>
    <hairGender>Female</hairGender>
    <texPath>Things/BetaHair/XB2-Pneuma</texPath>
    <defName>XB2-Pneuma</defName>
	<hairTags>
      <li>Urban</li>
      <li>Rural</li>
    </hairTags>
  </HairDef>
  
<HairDef>
    <label>XB2-Pyra</label>
    <hairGender>Female</hairGender>
    <texPath>Things/BetaHair/XB2-Pyra</texPath>
    <defName>XB2-Pyra</defName>
	<hairTags>
      <li>Urban</li>
      <li>Rural</li>
    </hairTags>
  </HairDef>
  
<HairDef>
    <label>UMR</label>
    <hairGender>Female</hairGender>
    <texPath>Things/BetaHair/UMR</texPath>
    <defName>UMR</defName>
	<hairTags>
      <li>Urban</li>
      <li>Rural</li>
    </hairTags>
  </HairDef>
  
<HairDef>
    <label>SL-Kurumi</label>
    <hairGender>Female</hairGender>
    <texPath>Things/BetaHair/SL-Kurumi</texPath>
    <defName>SL-Kurumi</defName>
	<hairTags>
      <li>Urban</li>
      <li>Rural</li>
    </hairTags>
  </HairDef>
  
<HairDef>
    <label>VUP-ShirakamiFubuki</label>
    <hairGender>Female</hairGender>
    <texPath>Things/BetaHair/VUP-ShirakamiFubuki</texPath>
    <defName>VUP-ShirakamiFubuki</defName>
	<hairTags>
      <li>Urban</li>
      <li>Rural</li>
    </hairTags>
  </HairDef>
  
<HairDef>
    <label>DAL-ItsukaKotori</label>
    <hairGender>Female</hairGender>
    <texPath>Things/BetaHair/DAL-ItsukaKotori</texPath>
    <defName>DAL-ItsukaKotori</defName>
	<hairTags>
      <li>Urban</li>
      <li>Rural</li>
    </hairTags>
  </HairDef>
  
<HairDef>
    <label>ShinomiyaKaguya</label>
    <hairGender>Female</hairGender>
    <texPath>Things/BetaHair/ShinomiyaKaguya</texPath>
    <defName>ShinomiyaKaguya</defName>
	<hairTags>
      <li>Urban</li>
      <li>Rural</li>
    </hairTags>
  </HairDef>
  
<HairDef>
    <label>ShinomiyaKaguya_C</label>
    <hairGender>Female</hairGender>
    <texPath>Things/BetaHair/ShinomiyaKaguya_C</texPath>
    <defName>ShinomiyaKaguya_C</defName>
	<hairTags>
      <li>Urban</li>
      <li>Rural</li>
    </hairTags>
  </HairDef>
  
<HairDef>
    <label>Rin</label>
    <hairGender>Female</hairGender>
    <texPath>Things/BetaHair/Rin</texPath>
    <defName>Rin</defName>
	<hairTags>
      <li>Urban</li>
      <li>Rural</li>
    </hairTags>
  </HairDef>
  
<HairDef>
    <label>ACG-SakurajimaMai</label>
    <hairGender>Female</hairGender>
    <texPath>Things/BetaHair/ACG-SakurajimaMai</texPath>
    <defName>ACG-SakurajimaMai</defName>
	<hairTags>
      <li>Urban</li>
      <li>Rural</li>
    </hairTags>
  </HairDef>
  
<HairDef>
    <label>ACG-SakurajimaMai-W</label>
    <hairGender>Female</hairGender>
    <texPath>Things/BetaHair/ACG-SakurajimaMai-W</texPath>
    <defName>ACG-SakurajimaMai-W</defName>
	<hairTags>
      <li>Urban</li>
      <li>Rural</li>
    </hairTags>
  </HairDef>
  
<HairDef>
    <label>ACG-SakurajimaMai-Rabbit</label>
    <hairGender>Female</hairGender>
    <texPath>Things/BetaHair/ACG-SakurajimaMai-Rabbit</texPath>
    <defName>ACG-SakurajimaMai-Rabbit</defName>
	<hairTags>
      <li>Urban</li>
      <li>Rural</li>
    </hairTags>
  </HairDef>
  
<HairDef>
    <label>ACG-SakurajimaMai-WRabbit</label>
    <hairGender>Female</hairGender>
    <texPath>Things/BetaHair/ACG-SakurajimaMai-WRabbit</texPath>
    <defName>ACG-SakurajimaMai-WRabbit</defName>
	<hairTags>
      <li>Urban</li>
      <li>Rural</li>
    </hairTags>
  </HairDef>

<HairDef>
    <label>VTB-OokamiMio</label>
    <hairGender>Female</hairGender>
    <texPath>Things/BetaHair/VTB-OokamiMio</texPath>
    <defName>VTB-OokamiMio</defName>
	<hairTags>
      <li>Urban</li>
      <li>Rural</li>
    </hairTags>
  </HairDef>
  
<HairDef>
    <label>VTB-OokamiMio-W</label>
    <hairGender>Female</hairGender>
    <texPath>Things/BetaHair/VTB-OokamiMio-W</texPath>
    <defName>VTB-OokamiMio-W</defName>
	<hairTags>
      <li>Urban</li>
      <li>Rural</li>
    </hairTags>
  </HairDef>
  
<HairDef>
    <label>AL-Bache</label>
    <hairGender>Female</hairGender>
    <texPath>Things/BetaHair/AL-Bache</texPath>
    <defName>AL-Bache</defName>
	<hairTags>
      <li>Urban</li>
      <li>Rural</li>
    </hairTags>
  </HairDef>
  
<HairDef>
    <label>AL-Bache-Hat</label>
    <hairGender>Female</hairGender>
    <texPath>Things/BetaHair/AL-Bache-Hat</texPath>
    <defName>AL-Bache-Hat</defName>
	<hairTags>
      <li>Urban</li>
      <li>Rural</li>
    </hairTags>
  </HairDef>
  
<HairDef>
    <label>ACG-KarasumaChitose</label>
    <hairGender>Female</hairGender>
    <texPath>Things/BetaHair/ACG-KarasumaChitose</texPath>
    <defName>ACG-KarasumaChitose</defName>
	<hairTags>
      <li>Urban</li>
      <li>Rural</li>
    </hairTags>
  </HairDef>
  
<HairDef>
    <label>ACG-KarasumaChitose-W</label>
    <hairGender>Female</hairGender>
    <texPath>Things/BetaHair/ACG-KarasumaChitose-W</texPath>
    <defName>ACG-KarasumaChitose-W</defName>
	<hairTags>
      <li>Urban</li>
      <li>Rural</li>
    </hairTags>
  </HairDef>

<HairDef>
    <label>ARK-Amiya</label>
    <hairGender>Female</hairGender>
    <texPath>Things/BetaHair/ARK-Amiya</texPath>
    <defName>ARK-Amiya</defName>
	<hairTags>
      <li>Urban</li>
      <li>Rural</li>
    </hairTags>
  </HairDef>
  
<HairDef>
    <label>ARK-Amiya-W</label>
    <hairGender>Female</hairGender>
    <texPath>Things/BetaHair/ARK-Amiya-W</texPath>
    <defName>ARK-Amiya-W</defName>
	<hairTags>
      <li>Urban</li>
      <li>Rural</li>
    </hairTags>
  </HairDef>
  
<HairDef>
    <label>ACG-MomokaSono</label>
    <hairGender>Female</hairGender>
    <texPath>Things/BetaHair/ACG-MomokaSono</texPath>
    <defName>ACG-MomokaSono</defName>
	<hairTags>
      <li>Urban</li>
      <li>Rural</li>
    </hairTags>
  </HairDef>
  
<HairDef>
    <label>ACG-MomokaSono-W</label>
    <hairGender>Female</hairGender>
    <texPath>Things/BetaHair/ACG-MomokaSono-W</texPath>
    <defName>ACG-MomokaSono-W</defName>
	<hairTags>
      <li>Urban</li>
      <li>Rural</li>
    </hairTags>
  </HairDef>
  
<HairDef>
    <label>VTB-LizeHelesta</label>
    <hairGender>Female</hairGender>
    <texPath>Things/BetaHair/VTB-LizeHelesta</texPath>
    <defName>VTB-LizeHelesta</defName>
	<hairTags>
      <li>Urban</li>
      <li>Rural</li>
    </hairTags>
  </HairDef>
  
<HairDef>
    <label>VTB-LizeHelesta-Hat</label>
    <hairGender>Female</hairGender>
    <texPath>Things/BetaHair/VTB-LizeHelesta-Hat</texPath>
    <defName>VTB-LizeHelesta-Hat</defName>
	<hairTags>
      <li>Urban</li>
      <li>Rural</li>
    </hairTags>
  </HairDef>
  
<HairDef>
    <label>BH3-KianaKaslana-HOTV</label>
    <hairGender>Female</hairGender>
    <texPath>Things/BetaHair/BH3-KianaKaslana-HOTV</texPath>
    <defName>BH3-KianaKaslana-HOTV</defName>
	<hairTags>
      <li>Urban</li>
      <li>Rural</li>
    </hairTags>
  </HairDef>
    
<HairDef>
    <label>BH3-BH3-BronyaZaychik-HOTR</label>
    <hairGender>Female</hairGender>
    <texPath>Things/BetaHair/BH3-BronyaZaychik-HOTR</texPath>
    <defName>BH3-BronyaZaychik-HOTR</defName>
	<hairTags>
      <li>Urban</li>
      <li>Rural</li>
    </hairTags>
  </HairDef>
  
<HairDef>
    <label>BH3-LiliyaOlenyeva</label>
    <hairGender>Female</hairGender>
    <texPath>Things/BetaHair/BH3-LiliyaOlenyeva</texPath>
    <defName>BH3-LiliyaOlenyeva</defName>
	<hairTags>
      <li>Urban</li>
      <li>Rural</li>
    </hairTags>
  </HairDef>
  
<HairDef>
    <label>BH3-RozaliyaOlenyeva</label>
    <hairGender>Female</hairGender>
    <texPath>Things/BetaHair/BH3-RozaliyaOlenyeva</texPath>
    <defName>BH3-RozaliyaOlenyeva</defName>
	<hairTags>
      <li>Urban</li>
      <li>Rural</li>
    </hairTags>
  </HairDef>

<HairDef>
    <label>BH3-Theresa-EOT</label>
    <hairGender>Female</hairGender>
    <texPath>Things/BetaHair/BH3-Theresa-EOT</texPath>
    <defName>BH3-Theresa-EOT</defName>
	<hairTags>
      <li>Urban</li>
      <li>Rural</li>
    </hairTags>
  </HairDef>
  
<HairDef>
    <label>ACG-Kizunakari</label>
    <hairGender>Female</hairGender>
    <texPath>Things/BetaHair/ACG-Kizunakari</texPath>
    <defName>ACG-Kizunakari</defName>
	<hairTags>
      <li>Urban</li>
      <li>Rural</li>
    </hairTags>
  </HairDef>

<HairDef>
    <label>ACG-Miku-haniwippu</label>
    <hairGender>Female</hairGender>
    <texPath>Things/BetaHair/ACG-Miku-haniwippu</texPath>
    <defName>ACG-Miku-haniwippu</defName>
	<hairTags>
      <li>Urban</li>
      <li>Rural</li>
    </hairTags>
  </HairDef>

<HairDef>
    <label>ACG-Miku-haniwippu-W</label>
    <hairGender>Female</hairGender>
    <texPath>Things/BetaHair/ACG-Miku-haniwippu-W</texPath>
    <defName>ACG-Miku-haniwippu-W</defName>
	<hairTags>
      <li>Urban</li>
      <li>Rural</li>
    </hairTags>
  </HairDef>

<HairDef>
    <label>AL-Mikasa</label>
    <hairGender>Female</hairGender>
    <texPath>Things/BetaHair/AL-Mikasa</texPath>
    <defName>AL-Mikasa</defName>
	<hairTags>
      <li>Urban</li>
      <li>Rural</li>
    </hairTags>
  </HairDef>
  
<HairDef>
    <label>AL-Mikasa-W</label>
    <hairGender>Female</hairGender>
    <texPath>Things/BetaHair/AL-Mikasa-W</texPath>
    <defName>AL-Mikasa-W</defName>
	<hairTags>
      <li>Urban</li>
      <li>Rural</li>
    </hairTags>
  </HairDef>
  
<HairDef>
    <label>AL-Shokaku</label>
    <hairGender>Female</hairGender>
    <texPath>Things/BetaHair/AL-Shokaku</texPath>
    <defName>AL-Shokaku</defName>
	<hairTags>
      <li>Urban</li>
      <li>Rural</li>
    </hairTags>
  </HairDef>
  
<HairDef>
    <label>AL-Shokaku-W</label>
    <hairGender>Female</hairGender>
    <texPath>Things/BetaHair/AL-Shokaku-W</texPath>
    <defName>AL-Shokaku-W</defName>
	<hairTags>
      <li>Urban</li>
      <li>Rural</li>
    </hairTags>
  </HairDef>
  
<HairDef>
    <label>BH3-RaidenMei-HOT</label>
    <hairGender>Female</hairGender>
    <texPath>Things/BetaHair/BH3-RaidenMei-HOT</texPath>
    <defName>BH3-RaidenMei-HOT</defName>
	<hairTags>
      <li>Urban</li>
      <li>Rural</li>
    </hairTags>
  </HairDef>
  
<HairDef>
    <label>BH3-RaidenMei-HOTPower</label>
    <hairGender>Female</hairGender>
    <texPath>Things/BetaHair/BH3-RaidenMei-HOTPower</texPath>
    <defName>BH3-RaidenMei-HOTPower</defName>
	<hairTags>
      <li>Urban</li>
      <li>Rural</li>
    </hairTags>
  </HairDef>
  
<HairDef>
    <label>AL-Sirius</label>
    <hairGender>Female</hairGender>
    <texPath>Things/BetaHair/AL-Sirius</texPath>
    <defName>AL-Sirius</defName>
	<hairTags>
      <li>Urban</li>
      <li>Rural</li>
    </hairTags>
  </HairDef>
  
<HairDef>
    <label>ARK-Blaze</label>
    <hairGender>Female</hairGender>
    <texPath>Things/BetaHair/ARK-Blaze</texPath>
    <defName>ARK-Blaze</defName>
	<hairTags>
      <li>Urban</li>
      <li>Rural</li>
    </hairTags>
  </HairDef>
  
<HairDef>
    <label>ARK-Nian</label>
    <hairGender>Female</hairGender>
    <texPath>Things/BetaHair/ARK-Nian</texPath>
    <defName>ARK-Nian</defName>
	<hairTags>
      <li>Urban</li>
      <li>Rural</li>
    </hairTags>
  </HairDef>

<HairDef>
    <label>ARK-Skadi</label>
    <hairGender>Female</hairGender>
    <texPath>Things/BetaHair/ARK-Skadi</texPath>
    <defName>ARK-Skadi</defName>
	<hairTags>
      <li>Urban</li>
      <li>Rural</li>
    </hairTags>
  </HairDef>

<HairDef>
    <label>ARK-Skadi-Hat</label>
    <hairGender>Female</hairGender>
    <texPath>Things/BetaHair/ARK-Skadi-Hat</texPath>
    <defName>ARK-Skadi-Hat</defName>
	<hairTags>
      <li>Urban</li>
      <li>Rural</li>
    </hairTags>
  </HairDef>

<HairDef>
    <label>ARK-Talulah</label>
    <hairGender>Female</hairGender>
    <texPath>Things/BetaHair/ARK-Talulah</texPath>
    <defName>ARK-Talulah</defName>
	<hairTags>
      <li>Urban</li>
      <li>Rural</li>
    </hairTags>
  </HairDef>
  
<HairDef>
    <label>ARK-Chen</label>
    <hairGender>Female</hairGender>
    <texPath>Things/BetaHair/ARK-Chen</texPath>
    <defName>ARK-Chen</defName>
	<hairTags>
      <li>Urban</li>
      <li>Rural</li>
    </hairTags>
  </HairDef>

<HairDef>
    <label>ARK-Chen-W</label>
    <hairGender>Female</hairGender>
    <texPath>Things/BetaHair/ARK-Chen-W</texPath>
    <defName>ARK-Chen-W</defName>
	<hairTags>
      <li>Urban</li>
      <li>Rural</li>
    </hairTags>
  </HairDef>
  
<HairDef>
    <label>ARK-W</label>
    <hairGender>Female</hairGender>
    <texPath>Things/BetaHair/ARK-W</texPath>
    <defName>ARK-W</defName>
	<hairTags>
      <li>Urban</li>
      <li>Rural</li>
    </hairTags>
  </HairDef>
  
  </Defs>