<?xml version="1.0" encoding="UTF-8" standalone="yes"?>
<Manifest><!-- ModManager manifest, in case it helps anyone -->
  <identifier>LWM'sDeepStorage</identifier><!-- Instructions don't say anything about no "'"s -->
  <version>1.2.0.7</version><!-- Possible TODO: a git pre-commit hook to increment this.  Maybe a way to increment the assembly 
  version too? -->
  <loadBefore>
    <li>PickUpAndHaul</li>
  </loadBefore>
  <manifestUri>https://raw.githubusercontent.com/lilwhitemouse/RimWorld-LWM.DeepStorage/master/_Mod/LWM.DeepStorage/About/Manifest.xml</manifestUri>
  <downloadUri>https://github.com/lilwhitemouse/RimWorld-LWM.DeepStorage/releases/latest</downloadUri>
</Manifest>
