<?xml version="1.0" encoding="utf-8" ?>
<Defs>
	<HugsLib.UpdateFeatureDef Abstract="true" Name="UpdateFeatureBase_YayoCombat3">
		<modNameReadable>Yayo's Combat 3</modNameReadable>
		<modIdentifier>com.yayo.combat3</modIdentifier>
	</HugsLib.UpdateFeatureDef>

	<HugsLib.UpdateFeatureDef ParentName="UpdateFeatureBase_YayoCombat3">
		<defName>YayoCombat3</defName>
		<assemblyVersion>1.2.1</assemblyVersion>
		<content>
# Tutorial #

- Armor algorithm -

If the penetration of a weapon is high, the durability of the armor is sharply reduced.

Reduce enemy armor's durability first with weapons with high tech levels and high penetration. And put the bullets at the weakened ones
This also applies to mechanoids, where the bullet hits when the hp is below a certain value.

Use the newly added weapon, anti-armor rocket launcher, when fighting powerful armor enemies.
		</content>
	</HugsLib.UpdateFeatureDef>
</Defs>