<?xml version="1.0" encoding="utf-8"?>
<ModMetaData>
  <name>PrisonerRansom</name>
  <author>erdelf</author>
  <packageId>erdelf.PrisonerRansom</packageId>
  <supportedVersions>
    <li>1.0</li>
    <li>1.1</li>
    <li>1.2</li>
  </supportedVersions>
  <description>
  
This mod allows you to demand ransom for inprisoned pawns for silver at the comms console.
It will give you a slight relationship boost.

Every bargain is dependant on the social skill of the handler and the faction goodwill.
You can try to bargain for more money, but they will be less likely to accept.
    </description>
</ModMetaData>