﻿<?xml version="1.0" encoding="UTF-8" standalone="yes"?>
<Manifest>
  <identifier>net.pardeike.rimworld.mod.achtung</identifier>
  <version>3.1.3.0</version>
  <targetVersions>
    <li>1.0.0</li>
    <li>1.1.0</li>
    <li>1.2.0</li>
  </targetVersions>
  <dependencies>
  </dependencies>
  <incompatibleWith>
  </incompatibleWith>
  <loadBefore>
  </loadBefore>
  <loadAfter>
  </loadAfter>
  <manifestUri>https://raw.githubusercontent.com/pardeike/Achtung2/master/About/Manifest.xml</manifestUri>
  <downloadUri>https://github.com/pardeike/Achtung2/releases/latest</downloadUri>
</Manifest>