<Patch>
  <Operation Class="PatchOperationFindMod">
    <mods>
      <li>[RF] Fertile Fields [1.0]</li>
      <li>Fertile Fields [1.1]</li>
    </mods>
    <match Class="PatchOperationSequence">
      <operations>
        <li Class="PatchOperationAdd">
          <xpath>/Defs/ThingDef[defName="LWM_Food_Basket"]/building/fixedStorageSettings/filter/thingDefs</xpath>
          <value>
            <li>PlantScraps</li>
          </value>
        </li>
        <li Class="PatchOperationAdd">
          <xpath>/Defs/ThingDef[defName="LWM_DeepStorage_Skip"]/building/fixedStorageSettings/filter/thingDefs</xpath>
          <value><!-- Heh.  I mean, garbage, right? -->
            <li>PlantScraps</li>
          </value>
        </li>
        <!-- Add to quickStoringItems for skip -->
        <li Class="PatchOperationConditional">
          <!-- Make sure quickStoringItems is there -->
          <xpath>/Defs/ThingDef[defName="LWM_DeepStorage_Skip"]/comps/li[@Class='LWM.DeepStorage.Properties']/quickStoringItems</xpath>
          <nomatch Class="PatchOperationAdd">
            <xpath>/Defs/ThingDef[defName="LWM_DeepStorage_Skip"]/comps/li[@Class='LWM.DeepStorage.Properties']</xpath>
            <value>
              <quickStoringItems>
                <li>PlantScraps</li>
                <li>RottedMush</li>
                <li>RawCompost</li>
                <li>Fertilizer</li>
                <li>CrushedRocks</li>
                <li>PileofDirt</li>
                <li>SandPile</li>
                <!-- No RFFClay - clay is much harder to move.  Better on pallets anyway? -->
              </quickStoringItems>
            </value>
          </nomatch>
          <match Class="PatchOperationAdd">
            <xpath>/Defs/ThingDef[defName="LWM_DeepStorage_Skip"]/comps/li[@Class='LWM.DeepStorage.Properties']/quickStoringItems</xpath>
            <value>
              <li>PlantScraps</li>
              <li>RottedMush</li>
              <li>RawCompost</li>
              <li>Fertilizer</li>
              <li>CrushedRocks</li>
              <li>PileofDirt</li>
              <li>SandPile</li>
              <!-- No RFFClay - clay is much harder to move.  Better on pallets anyway? -->
            </value>
          </match>
        </li>
        <li Class="LWM.DeepStorage.PatchMessage">
          <message>LWM Deep Storage: activated compatibility patch for Fertile Fields</message>
        </li>
      </operations>
    </match>
  </Operation>
</Patch>
