﻿<?xml version="1.0" encoding="utf-8" ?>
<Defs>
  <ApparelLayerDef>
    <defName>OnSkin_A</defName>
    <label>skin_a</label>
    <drawOrder>0</drawOrder>
  </ApparelLayerDef>

  <ApparelLayerDef>
    <defName>Middle_A</defName>
    <label>middle_a</label>
    <drawOrder>100</drawOrder>
  </ApparelLayerDef>

  <ApparelLayerDef>
    <defName>Shell_A</defName>
    <label>outer_a</label>
    <drawOrder>200</drawOrder>
  </ApparelLayerDef>

  <ApparelLayerDef>
    <defName>Belt_A</defName>
    <label>utility_a</label>
    <drawOrder>300</drawOrder>
  </ApparelLayerDef>

  <ApparelLayerDef>
    <defName>Overhead_A</defName>
    <label>headgear_a</label>
    <drawOrder>400</drawOrder>
  </ApparelLayerDef>
</Defs>
