﻿<?xml version="1.0" encoding="utf-8" ?>
<Defs>

  <!-- Primitive -->
  
  <RecipeDef>
    <defName>Make_yy_ammo_primitive</defName>
    <label>make primitive ammo</label>
    <description>Ammunition used in primitive and medieval ranged weapons.</description>
    <jobString>Making ammo.</jobString>
    <workSpeedStat>GeneralLaborSpeed</workSpeedStat>
    <effectWorking>Sculpt</effectWorking>
    <soundWorking>Recipe_MakeBow</soundWorking>
    
    <workAmount>100</workAmount>
    <recipeUsers>
      <li>CraftingSpot</li>
    </recipeUsers>
    
    <unfinishedThingDef>yy_ammo_primitive_unfinish</unfinishedThingDef>
    <ingredients>
      <li>
        <filter>
          <thingDefs>
            <li>WoodLog</li>
            <li>Steel</li>
            <li>Jade</li>
            <li>Uranium</li>
            <li>Plasteel</li>
            <li>Silver</li>
            <li>Gold</li>
          </thingDefs>
          <categories>
            <li>StoneBlocks</li>
          </categories>
        </filter>
        <count>13</count>
      </li>
    </ingredients>
    <fixedIngredientFilter>
      <thingDefs>
        <li>WoodLog</li>
        <li>Steel</li>
        <li>Jade</li>
        <li>Uranium</li>
        <li>Plasteel</li>
        <li>Silver</li>
        <li>Gold</li>
      </thingDefs>
      <categories>
        <li>StoneBlocks</li>
      </categories>
    </fixedIngredientFilter>
    <defaultIngredientFilter>
      <thingDefs>
        <li>WoodLog</li>
      </thingDefs>
      <disallowedThingDefs>
        <li>Steel</li>
        <li>Jade</li>
        <li>Uranium</li>
        <li>Plasteel</li>
        <li>Silver</li>
        <li>Gold</li>
      </disallowedThingDefs>
      <disallowedCategories>
        <li>StoneBlocks</li>
      </disallowedCategories>
    </defaultIngredientFilter>
    <products>
      <yy_ammo_primitive>21</yy_ammo_primitive>
    </products>
    <skillRequirements>
      <Crafting>1</Crafting>
    </skillRequirements>
    <workSkill>Crafting</workSkill>
  </RecipeDef>
  
  
  
  <RecipeDef>
    <defName>Make_yy_ammo_primitive10</defName>
    <label>make primitive ammo 10</label>
    <description>Ammunition used in primitive and medieval ranged weapons.</description>
    <jobString>Making ammo.</jobString>
    <workSpeedStat>GeneralLaborSpeed</workSpeedStat>
    <effectWorking>Sculpt</effectWorking>
    <soundWorking>Recipe_MakeBow</soundWorking>
    
    <workAmount>1000</workAmount>
    <recipeUsers>
      <li>CraftingSpot</li>
    </recipeUsers>
    
    <unfinishedThingDef>yy_ammo_primitive_unfinish</unfinishedThingDef>
    <ingredients>
      <li>
        <filter>
          <thingDefs>
            <li>WoodLog</li>
            <li>Steel</li>
            <li>Jade</li>
            <li>Uranium</li>
            <li>Plasteel</li>
            <li>Silver</li>
            <li>Gold</li>
          </thingDefs>
          <categories>
            <li>StoneBlocks</li>
          </categories>
        </filter>
        <count>130</count>
      </li>
    </ingredients>
    <fixedIngredientFilter>
      <thingDefs>
        <li>WoodLog</li>
        <li>Steel</li>
        <li>Jade</li>
        <li>Uranium</li>
        <li>Plasteel</li>
        <li>Silver</li>
        <li>Gold</li>
      </thingDefs>
      <categories>
        <li>StoneBlocks</li>
      </categories>
    </fixedIngredientFilter>
    <defaultIngredientFilter>
      <thingDefs>
        <li>WoodLog</li>
      </thingDefs>
      <disallowedThingDefs>
        <li>Steel</li>
        <li>Jade</li>
        <li>Uranium</li>
        <li>Plasteel</li>
        <li>Silver</li>
        <li>Gold</li>
      </disallowedThingDefs>
      <disallowedCategories>
        <li>StoneBlocks</li>
      </disallowedCategories>
    </defaultIngredientFilter>
    <products>
      <yy_ammo_primitive>210</yy_ammo_primitive>
    </products>
    <skillRequirements>
      <Crafting>1</Crafting>
    </skillRequirements>
    <workSkill>Crafting</workSkill>
  </RecipeDef>
  
  
  
  <!-- Primitive fire -->
  
  <RecipeDef>
    <defName>Make_yy_ammo_primitive_fire</defName>
    <label>make primitive explosive ammo</label>
    <description>Ammunition used in primitive and medieval ranged weapons. Used for explosion, flame, and smoke damage type weapons.</description>
    <jobString>Making ammo.</jobString>
    <workSpeedStat>GeneralLaborSpeed</workSpeedStat>
    <effectWorking>Sculpt</effectWorking>
    <soundWorking>Recipe_MakeBow</soundWorking>
    
    <workAmount>100</workAmount>
    <recipeUsers>
      <li>CraftingSpot</li>
    </recipeUsers>
    
    <unfinishedThingDef>yy_ammo_primitive_unfinish</unfinishedThingDef>
    <ingredients>
      <li>
        <filter>
          <thingDefs>
            <li>Chemfuel</li>
          </thingDefs>
        </filter>
        <count>6</count>
      </li>
    </ingredients>
    <fixedIngredientFilter>
      <thingDefs>
        <li>Chemfuel</li>
      </thingDefs>
    </fixedIngredientFilter>
    <products>
      <yy_ammo_primitive_fire>19</yy_ammo_primitive_fire>
    </products>
    <skillRequirements>
      <Crafting>2</Crafting>
    </skillRequirements>
    <workSkill>Crafting</workSkill>
  </RecipeDef>
  
  
  <RecipeDef>
    <defName>Make_yy_ammo_primitive_fire10</defName>
    <label>make primitive explosive ammo 10</label>
    <description>Ammunition used in primitive and medieval ranged weapons. Used for explosion, flame, and smoke damage type weapons.</description>
    <jobString>Making ammo.</jobString>
    <workSpeedStat>GeneralLaborSpeed</workSpeedStat>
    <effectWorking>Sculpt</effectWorking>
    <soundWorking>Recipe_MakeBow</soundWorking>
    
    <workAmount>1000</workAmount>
    <recipeUsers>
      <li>CraftingSpot</li>
    </recipeUsers>
    
    <unfinishedThingDef>yy_ammo_primitive_unfinish</unfinishedThingDef>
    <ingredients>
      <li>
        <filter>
          <thingDefs>
            <li>Chemfuel</li>
          </thingDefs>
        </filter>
        <count>60</count>
      </li>
    </ingredients>
    <fixedIngredientFilter>
      <thingDefs>
        <li>Chemfuel</li>
      </thingDefs>
    </fixedIngredientFilter>
    <products>
      <yy_ammo_primitive_fire>190</yy_ammo_primitive_fire>
    </products>
    <skillRequirements>
      <Crafting>2</Crafting>
    </skillRequirements>
    <workSkill>Crafting</workSkill>
  </RecipeDef>
  
  
  
  
  <!-- Primitive special -->
  
  <RecipeDef>
    <defName>Make_yy_ammo_primitive_emp</defName>
    <label>make primitive special ammo</label>
    <description>Ammunition used in primitive and medieval ranged weapons. Used for special weapons.</description>
    <jobString>Making ammo.</jobString>
    <workSpeedStat>GeneralLaborSpeed</workSpeedStat>
    <effectWorking>Sculpt</effectWorking>
    <soundWorking>Recipe_MakeBow</soundWorking>
    
    <workAmount>100</workAmount>
    <recipeUsers>
      <li>CraftingSpot</li>
    </recipeUsers>
    
    <unfinishedThingDef>yy_ammo_primitive_unfinish</unfinishedThingDef>
    <ingredients>
      <li>
        <filter>
          <thingDefs>
            <li>Jade</li>
          </thingDefs>
        </filter>
        <count>3</count>
      </li>
    </ingredients>
    <fixedIngredientFilter>
      <thingDefs>
        <li>Jade</li>
      </thingDefs>
    </fixedIngredientFilter>
    <products>
      <yy_ammo_primitive_emp>20</yy_ammo_primitive_emp>
    </products>
    <skillRequirements>
      <Crafting>3</Crafting>
    </skillRequirements>
    <workSkill>Crafting</workSkill>
  </RecipeDef>
  
  
  
  
  <RecipeDef>
    <defName>Make_yy_ammo_primitive_emp10</defName>
    <label>make primitive special ammo 10</label>
    <description>Ammunition used in primitive and medieval ranged weapons. Used for special weapons.</description>
    <jobString>Making ammo.</jobString>
    <workSpeedStat>GeneralLaborSpeed</workSpeedStat>
    <effectWorking>Sculpt</effectWorking>
    <soundWorking>Recipe_MakeBow</soundWorking>
    
    <workAmount>1000</workAmount>
    <recipeUsers>
      <li>CraftingSpot</li>
    </recipeUsers>
    
    <unfinishedThingDef>yy_ammo_primitive_unfinish</unfinishedThingDef>
    <ingredients>
      <li>
        <filter>
          <thingDefs>
            <li>Jade</li>
          </thingDefs>
        </filter>
        <count>30</count>
      </li>
    </ingredients>
    <fixedIngredientFilter>
      <thingDefs>
        <li>Jade</li>
      </thingDefs>
    </fixedIngredientFilter>
    <products>
      <yy_ammo_primitive_emp>200</yy_ammo_primitive_emp>
    </products>
    <skillRequirements>
      <Crafting>3</Crafting>
    </skillRequirements>
    <workSkill>Crafting</workSkill>
  </RecipeDef>
  
  
  
  
  
  
  
  
  
  
  <!-- Industrial -->
  
  <RecipeDef>
    <defName>Make_yy_ammo_industrial</defName>
    <label>make industrial ammo</label>
    <description>Ammunition used for long-range weapons in the industrial tech.</description>
    <jobString>Making ammo.</jobString>
    <workSpeedStat>GeneralLaborSpeed</workSpeedStat>
    <effectWorking>Cook</effectWorking>
    <soundWorking>Recipe_Machining</soundWorking>
    
    <workAmount>140</workAmount>
    <recipeUsers>
      <li>TableMachining</li>
    </recipeUsers>
    
    <unfinishedThingDef>yy_ammo_industrial_unfinish</unfinishedThingDef>
    <ingredients>
      <li>
        <filter>
          <thingDefs>
            <li>Steel</li>
          </thingDefs>
        </filter>
        <count>16</count>
      </li>
    </ingredients>
    <fixedIngredientFilter>
      <thingDefs>
        <li>Steel</li>
      </thingDefs>
    </fixedIngredientFilter>
    <products>
      <yy_ammo_industrial>20</yy_ammo_industrial>
    </products>
    <skillRequirements>
      <Crafting>4</Crafting>
    </skillRequirements>
    <workSkill>Crafting</workSkill>
  </RecipeDef>
  
  <RecipeDef>
    <defName>Make_yy_ammo_industrial10</defName>
    <label>make industrial ammo 10</label>
    <description>Ammunition used for long-range weapons in the industrial tech.</description>
    <jobString>Making ammo.</jobString>
    <workSpeedStat>GeneralLaborSpeed</workSpeedStat>
    <effectWorking>Cook</effectWorking>
    <soundWorking>Recipe_Machining</soundWorking>
    
    <workAmount>1400</workAmount>
    <recipeUsers>
      <li>TableMachining</li>
    </recipeUsers>
    
    <unfinishedThingDef>yy_ammo_industrial_unfinish</unfinishedThingDef>
    <ingredients>
      <li>
        <filter>
          <thingDefs>
            <li>Steel</li>
          </thingDefs>
        </filter>
        <count>160</count>
      </li>
    </ingredients>
    <fixedIngredientFilter>
      <thingDefs>
        <li>Steel</li>
      </thingDefs>
    </fixedIngredientFilter>
    <products>
      <yy_ammo_industrial>200</yy_ammo_industrial>
    </products>
    <skillRequirements>
      <Crafting>4</Crafting>
    </skillRequirements>
    <workSkill>Crafting</workSkill>
  </RecipeDef>
  
  
  
  <!-- Industrial fire -->
  
  <RecipeDef>
    <defName>Make_yy_ammo_industrial_fire</defName>
    <label>make industrial explosive ammo</label>
    <description>Ammunition used for long-range weapons in the industrial tech. Used for explosion, flame, and smoke damage type weapons.</description>
    <jobString>Making ammo.</jobString>
    <workSpeedStat>GeneralLaborSpeed</workSpeedStat>
    <effectWorking>Cook</effectWorking>
    <soundWorking>Recipe_Machining</soundWorking>
    
    <workAmount>140</workAmount>
    <recipeUsers>
      <li>TableMachining</li>
    </recipeUsers>
    
    <unfinishedThingDef>yy_ammo_industrial_unfinish</unfinishedThingDef>
    <ingredients>
      <li>
        <filter>
          <thingDefs>
            <li>Chemfuel</li>
          </thingDefs>
        </filter>
        <count>13</count>
      </li>
    </ingredients>
    <fixedIngredientFilter>
      <thingDefs>
        <li>Chemfuel</li>
      </thingDefs>
    </fixedIngredientFilter>
    <products>
      <yy_ammo_industrial_fire>20</yy_ammo_industrial_fire>
    </products>
    <skillRequirements>
      <Crafting>5</Crafting>
    </skillRequirements>
    <workSkill>Crafting</workSkill>
  </RecipeDef>
  
  <RecipeDef>
    <defName>Make_yy_ammo_industrial_fire10</defName>
    <label>make industrial explosive ammo 10</label>
    <description>Ammunition used for long-range weapons in the industrial tech. Used for explosion, flame, and smoke damage type weapons.</description>
    <jobString>Making ammo.</jobString>
    <workSpeedStat>GeneralLaborSpeed</workSpeedStat>
    <effectWorking>Cook</effectWorking>
    <soundWorking>Recipe_Machining</soundWorking>
    
    <workAmount>1400</workAmount>
    <recipeUsers>
      <li>TableMachining</li>
    </recipeUsers>
    
    <unfinishedThingDef>yy_ammo_industrial_unfinish</unfinishedThingDef>
    <ingredients>
      <li>
        <filter>
          <thingDefs>
            <li>Chemfuel</li>
          </thingDefs>
        </filter>
        <count>130</count>
      </li>
    </ingredients>
    <fixedIngredientFilter>
      <thingDefs>
        <li>Chemfuel</li>
      </thingDefs>
    </fixedIngredientFilter>
    <products>
      <yy_ammo_industrial_fire>200</yy_ammo_industrial_fire>
    </products>
    <skillRequirements>
      <Crafting>5</Crafting>
    </skillRequirements>
    <workSkill>Crafting</workSkill>
  </RecipeDef>
  
  
  
  <!-- Industrial emp -->
  
  <RecipeDef>
    <defName>Make_yy_ammo_industrial_emp</defName>
    <label>make industrial special ammo</label>
    <description>Ammunition used for long-range weapons in the industrial tech. Used for special weapons.</description>
    <jobString>Making ammo.</jobString>
    <workSpeedStat>GeneralLaborSpeed</workSpeedStat>
    <effectWorking>Cook</effectWorking>
    <soundWorking>Recipe_Machining</soundWorking>
    
    <workAmount>140</workAmount>
    <recipeUsers>
      <li>TableMachining</li>
    </recipeUsers>
    
    <unfinishedThingDef>yy_ammo_industrial_unfinish</unfinishedThingDef>
    <ingredients>
      <li>
        <filter>
          <thingDefs>
            <li>ComponentIndustrial</li>
          </thingDefs>
        </filter>
        <count>1</count>
      </li>
    </ingredients>
    <fixedIngredientFilter>
      <thingDefs>
        <li>ComponentIndustrial</li>
      </thingDefs>
    </fixedIngredientFilter>
    <products>
      <yy_ammo_industrial_emp>21</yy_ammo_industrial_emp>
    </products>
    <skillRequirements>
      <Crafting>6</Crafting>
    </skillRequirements>
    <workSkill>Crafting</workSkill>
  </RecipeDef>
  
  <RecipeDef>
    <defName>Make_yy_ammo_industrial_emp10</defName>
    <label>make industrial special ammo 10</label>
    <description>Ammunition used for long-range weapons in the industrial tech. Used for special weapons.</description>
    <jobString>Making ammo.</jobString>
    <workSpeedStat>GeneralLaborSpeed</workSpeedStat>
    <effectWorking>Cook</effectWorking>
    <soundWorking>Recipe_Machining</soundWorking>
    
    <workAmount>1400</workAmount>
    <recipeUsers>
      <li>TableMachining</li>
    </recipeUsers>
    
    <unfinishedThingDef>yy_ammo_industrial_unfinish</unfinishedThingDef>
    <ingredients>
      <li>
        <filter>
          <thingDefs>
            <li>ComponentIndustrial</li>
          </thingDefs>
        </filter>
        <count>10</count>
      </li>
    </ingredients>
    <fixedIngredientFilter>
      <thingDefs>
        <li>ComponentIndustrial</li>
      </thingDefs>
    </fixedIngredientFilter>
    <products>
      <yy_ammo_industrial_emp>210</yy_ammo_industrial_emp>
    </products>
    <skillRequirements>
      <Crafting>6</Crafting>
    </skillRequirements>
    <workSkill>Crafting</workSkill>
  </RecipeDef>
  
  
  
  
  
  
  
  
  
  <!-- Spacer -->
  
  <RecipeDef>
    <defName>Make_yy_ammo_spacer</defName>
    <label>make spacer ammo</label>
    <description>Ammunition used for long-range weapons in the spacer tech.</description>
    <jobString>Making ammo.</jobString>
    <workSpeedStat>GeneralLaborSpeed</workSpeedStat>
    <effectWorking>Cook</effectWorking>
    <soundWorking>Recipe_Machining</soundWorking>
    
    <workAmount>180</workAmount>
    <recipeUsers>
    <li>FabricationBench</li>
    </recipeUsers>
    
    <unfinishedThingDef>yy_ammo_industrial_unfinish</unfinishedThingDef>
    <ingredients>
      <li>
        <filter>
          <thingDefs>
            <li>Steel</li>
          </thingDefs>
        </filter>
        <count>11</count>
      </li>
      <li>
        <filter>
          <thingDefs>
            <li>Plasteel</li>
          </thingDefs>
        </filter>
        <count>3</count>
      </li>
    </ingredients>
    <fixedIngredientFilter>
      <thingDefs>
        <li>Steel</li>
        <li>Plasteel</li>
      </thingDefs>
    </fixedIngredientFilter>
    <products>
      <yy_ammo_spacer>21</yy_ammo_spacer>
    </products>
    <skillRequirements>
      <Crafting>8</Crafting>
    </skillRequirements>
    <workSkill>Crafting</workSkill>
  </RecipeDef>
  
  <RecipeDef>
    <defName>Make_yy_ammo_spacer10</defName>
    <label>make spacer ammo 10</label>
    <description>Ammunition used for long-range weapons in the spacer tech.</description>
    <jobString>Making ammo.</jobString>
    <workSpeedStat>GeneralLaborSpeed</workSpeedStat>
    <effectWorking>Cook</effectWorking>
    <soundWorking>Recipe_Machining</soundWorking>
    
    <workAmount>1800</workAmount>
    <recipeUsers>
    <li>FabricationBench</li>
    </recipeUsers>
    
    <unfinishedThingDef>yy_ammo_industrial_unfinish</unfinishedThingDef>
    <ingredients>
      <li>
        <filter>
          <thingDefs>
            <li>Steel</li>
          </thingDefs>
        </filter>
        <count>110</count>
      </li>
      <li>
        <filter>
          <thingDefs>
            <li>Plasteel</li>
          </thingDefs>
        </filter>
        <count>30</count>
      </li>
    </ingredients>
    <fixedIngredientFilter>
      <thingDefs>
        <li>Steel</li>
        <li>Plasteel</li>
      </thingDefs>
    </fixedIngredientFilter>
    <products>
      <yy_ammo_spacer>210</yy_ammo_spacer>
    </products>
    <skillRequirements>
      <Crafting>8</Crafting>
    </skillRequirements>
    <workSkill>Crafting</workSkill>
  </RecipeDef>
  
  
  
  <!-- Spacer fire -->
  
  <RecipeDef>
    <defName>Make_yy_ammo_spacer_fire</defName>
    <label>make spacer explosive ammo</label>
    <description>Ammunition used for long-range weapons in the spacer tech. Used for explosion, flame, and smoke damage type weapons.</description>
    <jobString>Making ammo.</jobString>
    <workSpeedStat>GeneralLaborSpeed</workSpeedStat>
    <effectWorking>Cook</effectWorking>
    <soundWorking>Recipe_Machining</soundWorking>
    
    <workAmount>180</workAmount>
    <recipeUsers>
    <li>FabricationBench</li>
    </recipeUsers>
    
    <unfinishedThingDef>yy_ammo_industrial_unfinish</unfinishedThingDef>
      <ingredients>
        <li>
          <filter>
            <thingDefs>
              <li>Chemfuel</li>
            </thingDefs>
          </filter>
          <count>9</count>
        </li>
        <li>
          <filter>
            <thingDefs>
              <li>Uranium</li>
            </thingDefs>
          </filter>
          <count>4</count>
        </li>
      </ingredients>
    <fixedIngredientFilter>
      <thingDefs>
        <li>Chemfuel</li>
        <li>Uranium</li>
      </thingDefs>
    </fixedIngredientFilter>
    <products>
      <yy_ammo_spacer_fire>20</yy_ammo_spacer_fire>
    </products>
    <skillRequirements>
      <Crafting>9</Crafting>
    </skillRequirements>
    <workSkill>Crafting</workSkill>
  </RecipeDef>
  
  <RecipeDef>
    <defName>Make_yy_ammo_spacer_fire10</defName>
    <label>make spacer explosive ammo 10</label>
    <description>Ammunition used for long-range weapons in the spacer tech. Used for explosion, flame, and smoke damage type weapons.</description>
    <jobString>Making ammo.</jobString>
    <workSpeedStat>GeneralLaborSpeed</workSpeedStat>
    <effectWorking>Cook</effectWorking>
    <soundWorking>Recipe_Machining</soundWorking>
    
    <workAmount>1800</workAmount>
    <recipeUsers>
    <li>FabricationBench</li>
    </recipeUsers>
    
    <unfinishedThingDef>yy_ammo_industrial_unfinish</unfinishedThingDef>
      <ingredients>
        <li>
          <filter>
            <thingDefs>
              <li>Chemfuel</li>
            </thingDefs>
          </filter>
          <count>90</count>
        </li>
        <li>
          <filter>
            <thingDefs>
              <li>Uranium</li>
            </thingDefs>
          </filter>
          <count>40</count>
        </li>
      </ingredients>
    <fixedIngredientFilter>
      <thingDefs>
        <li>Chemfuel</li>
        <li>Uranium</li>
      </thingDefs>
    </fixedIngredientFilter>
    <products>
      <yy_ammo_spacer_fire>200</yy_ammo_spacer_fire>
    </products>
    <skillRequirements>
      <Crafting>9</Crafting>
    </skillRequirements>
    <workSkill>Crafting</workSkill>
  </RecipeDef>
  
  
  
  
  
  <!-- Spacer emp -->
  
  <RecipeDef>
    <defName>Make_yy_ammo_spacer_emp</defName>
    <label>make spacer special ammo</label>
    <description>Ammunition used for long-range weapons in the spacer tech. Used for special weapons.</description>
    <jobString>Making ammo.</jobString>
    <workSpeedStat>GeneralLaborSpeed</workSpeedStat>
    <effectWorking>Cook</effectWorking>
    <soundWorking>Recipe_Machining</soundWorking>
    
    <workAmount>180</workAmount>
    <recipeUsers>
    <li>FabricationBench</li>
    </recipeUsers>
    
    <unfinishedThingDef>yy_ammo_industrial_unfinish</unfinishedThingDef>
    <ingredients>
      <li>
        <filter>
          <thingDefs>
            <li>ComponentIndustrial</li>
          </thingDefs>
        </filter>
        <count>1</count>
      </li>
      <li>
        <filter>
          <thingDefs>
            <li>Gold</li>
          </thingDefs>
        </filter>
        <count>1</count>
      </li>
    </ingredients>
    <fixedIngredientFilter>
      <thingDefs>
        <li>ComponentIndustrial</li>
        <li>Gold</li>
      </thingDefs>
    </fixedIngredientFilter>
    <products>
      <yy_ammo_spacer_emp>19</yy_ammo_spacer_emp>
    </products>
    <skillRequirements>
      <Crafting>10</Crafting>
    </skillRequirements>
    <workSkill>Crafting</workSkill>
  </RecipeDef>
  
  
  
  <RecipeDef>
    <defName>Make_yy_ammo_spacer_emp10</defName>
    <label>make spacer special ammo 10</label>
    <description>Ammunition used for long-range weapons in the spacer tech. Used for special weapons.</description>
    <jobString>Making ammo.</jobString>
    <workSpeedStat>GeneralLaborSpeed</workSpeedStat>
    <effectWorking>Cook</effectWorking>
    <soundWorking>Recipe_Machining</soundWorking>
    
    <workAmount>1800</workAmount>
    <recipeUsers>
    <li>FabricationBench</li>
    </recipeUsers>
    
    <unfinishedThingDef>yy_ammo_industrial_unfinish</unfinishedThingDef>
    <ingredients>
      <li>
        <filter>
          <thingDefs>
            <li>ComponentIndustrial</li>
          </thingDefs>
        </filter>
        <count>10</count>
      </li>
      <li>
        <filter>
          <thingDefs>
            <li>Gold</li>
          </thingDefs>
        </filter>
        <count>10</count>
      </li>
    </ingredients>
    <fixedIngredientFilter>
      <thingDefs>
        <li>ComponentIndustrial</li>
        <li>Gold</li>
      </thingDefs>
    </fixedIngredientFilter>
    <products>
      <yy_ammo_spacer_emp>190</yy_ammo_spacer_emp>
    </products>
    <skillRequirements>
      <Crafting>10</Crafting>
    </skillRequirements>
    <workSkill>Crafting</workSkill>
  </RecipeDef>
  
  
  
  
  

</Defs>
