﻿<?xml version="1.0" encoding="utf-8" ?>
<Defs>

  <ThingDef ParentName="BaseGun">
    <defName>Gun_AntiArmor_Rocket</defName>
    <label>anti-armor rocket launcher</label>
    <description>It is a rocket launcher that can penetrate solid armor.</description>
    <tickerType>Normal</tickerType>
    <graphicData>
      <texPath>AntiArmor_Rocket</texPath>
      <graphicClass>Graphic_Single</graphicClass>
    </graphicData>

    <statBases>
	  <MarketValue>1000</MarketValue>
      <Mass>10</Mass>
	  <AccuracyTouch>0.80</AccuracyTouch>
      <AccuracyShort>0.75</AccuracyShort>
      <AccuracyMedium>0.45</AccuracyMedium>
      <AccuracyLong>0.35</AccuracyLong>
      <RangedWeapon_Cooldown>3</RangedWeapon_Cooldown>
	  <WorkToMake>5000</WorkToMake>
	  <SellPriceFactor>0.01</SellPriceFactor>
    </statBases>

    <techLevel>Industrial</techLevel>

    <weaponTags>
      <li>Gun</li>
      <li>GunSingleUse</li>
    </weaponTags>

	<tradeTags>
      <li>ExoticMisc</li>
    </tradeTags>

	
	<costList>
      <Steel>100</Steel>
	  <Chemfuel>80</Chemfuel>
      <ComponentIndustrial>3</ComponentIndustrial>
    </costList>
    <recipeMaker>
      <skillRequirements>
        <Crafting>10</Crafting>
      </skillRequirements>
	  <workSpeedStat>GeneralLaborSpeed</workSpeedStat>
      <workSkill>Crafting</workSkill>
      <effectWorking>Smith</effectWorking>
      <soundWorking>Recipe_Smith</soundWorking>
      <recipeUsers>
        <li>TableMachining</li>
      </recipeUsers>
      <unfinishedThingDef>UnfinishedGun</unfinishedThingDef>
      <researchPrerequisite>Gunsmithing</researchPrerequisite>
    </recipeMaker>

    <thingSetMakerTags>
      <li>SingleUseWeapon</li>
      <li>RewardStandardLowFreq</li>
    </thingSetMakerTags>
    <verbs>
      <li>
        <verbClass>Verb_ShootOneUse</verbClass>
        <hasStandardCommand>true</hasStandardCommand>
        <defaultProjectile>Bullet_AntiArmor_Rocket</defaultProjectile>
        <forcedMissRadius>1</forcedMissRadius>
        <warmupTime>3</warmupTime>
        <ai_AvoidFriendlyFireRadius>5</ai_AvoidFriendlyFireRadius>
        <range>20</range>
        <ticksBetweenBurstShots>20</ticksBetweenBurstShots>
        <burstShotCount>1</burstShotCount>
        <soundCast>InfernoCannon_Fire</soundCast>
        <soundCastTail>GunTail_Heavy</soundCastTail>
        <onlyManualCast>true</onlyManualCast>
        <stopBurstWithoutLos>false</stopBurstWithoutLos>
        <targetParams>
          <canTargetLocations>true</canTargetLocations>
        </targetParams>
        <muzzleFlashScale>54</muzzleFlashScale>
      </li>
    </verbs>
    <tools>
      <li>
        <label>barrel</label>
        <capacities>
          <li>Blunt</li>
        </capacities>
        <power>11.7</power>
        <cooldownTime>2.6</cooldownTime>
      </li>
    </tools>
    <comps>
      <li Class="CompProperties_Explosive">
        <explosiveRadius>1</explosiveRadius>
        <explosiveDamageType>Bomb</explosiveDamageType>
        <requiredDamageTypeToExplode>Flame</requiredDamageTypeToExplode>
      </li>
    </comps>
  </ThingDef>
  
  
  
  <ThingDef ParentName="BaseBullet">
    <defName>Bullet_AntiArmor_Rocket</defName>
    <label>rocket</label>
    <graphicData>
      <texPath>Things/Projectile/Rocket_Big</texPath>
      <graphicClass>Graphic_Single</graphicClass>
      <shaderType>TransparentPostLight</shaderType>
    </graphicData>
    <thingClass>Projectile_Explosive</thingClass>
    <projectile>
      <damageDef>Bomb</damageDef>
      <damageAmountBase>140</damageAmountBase>
      <explosionRadius>1.0</explosionRadius>
      <speed>50</speed>
      <armorPenetrationBase>0.9</armorPenetrationBase>
    </projectile>
  </ThingDef>




</Defs>