﻿<?xml version="1.0" encoding="utf-8"?>
<ModMetaData>
  <name>Yayo's Combat 3</name>
  <author>YAYO</author>
  <supportedVersions>
    <li>1.1</li>
    <li>1.2</li>
  </supportedVersions>
  <packageId>com.yayo.combat3</packageId>
  <loadAfter>
    <li>UnlimitedHugs.HugsLib</li>
    <li>automatic.gunplay</li>
    <li>Roolo.DualWield</li>
  </loadAfter>
  <loadBefore>
    <li>Solaris.RatkinRaceMod</li>
    <li>Solaris.SYS</li>
  </loadBefore>
  <modDependencies>
    <li>
      <packageId>brrainz.harmony</packageId>
      <displayName>Harmony</displayName>
      <steamWorkshopUrl>steam://url/CommunityFilePage/2009463077</steamWorkshopUrl>
      <downloadUrl>https://github.com/pardeike/HarmonyRimWorld/releases/latest</downloadUrl>
    </li>
    <li>
      <packageId>UnlimitedHugs.HugsLib</packageId>
      <displayName>HugsLib</displayName>
      <steamWorkshopUrl>steam://url/CommunityFilePage/818773962</steamWorkshopUrl>
    </li>
  </modDependencies>
  <description>Mod to change different combat algorithms and combat animation\nfor realistic combat\n\n
change to Gorgeous combat animation\n
change to Powerful armor algorithm\n
change to Powerful accuracy algorithm\n
change to All Range weapon need ammo\n
Faster bullet speed</description>
</ModMetaData>