﻿<?xml version="1.0" encoding="utf-8" ?>
<Defs>

  <WorkGiverDef>
    <defName>yy_WeaponEjectAmmo</defName>
    <label>Eject Ammo</label>
    <giverClass>yayoCombat.WorkGiver_WeaponEjectAmmo</giverClass>
    <workType>BasicWorker</workType>
    <priorityInType>600</priorityInType>
    <verb>eject ammo</verb>
    <gerund>eject ammo</gerund>
    <scanThings>false</scanThings>
    <scanCells>true</scanCells>
    <canBeDoneWhileDrafted>true</canBeDoneWhileDrafted>
  </WorkGiverDef>

</Defs>