﻿<?xml version="1.0" encoding="utf-8"?>
<ModMetaData>
    <name>[Beta]Anime Hair</name>
    <author>Beta</author>	
    <packageId>Beta.AnimeHair</packageId>
    <supportedVersions>
		<li>1.0</li>
		<li>1.1</li>
		<li>1.2</li>
		<li>1.3</li>
    </supportedVersions>

    <url>https://steamcommunity.com/id/LittleBeta/</url>
	<description>建议配合以下MOD使用：[KV] Change Dresser
Recommended for use with the following mods:[KV] Change Dresser
https://steamcommunity.com/sharedfiles/filedetails/?id=1385697110

仅有少部分支持白色（灰色）的外观改变
Small part supports white (gray) appearance changes
</description>
</ModMetaData>