﻿<?xml version="1.0" encoding="utf-8" ?>
<Defs>
<!--
  <ThingDef Name="BodyPartBase" Abstract="True">
    <thingClass>ThingWithComps</thingClass>
    <category>Item</category>
    <useHitPoints>true</useHitPoints>
    <selectable>true</selectable>
    <statBases>
      <MaxHitPoints>50</MaxHitPoints>
      <Flammability>0.7</Flammability>
			<Beauty>-4</Beauty>
		</statBases>
    <altitudeLayer>Item</altitudeLayer>
    <tickerType>Never</tickerType>
    <alwaysHaulable>true</alwaysHaulable>
    <isTechHediff>true</isTechHediff>
    <tradeTags>
      <li>TechHediff</li>
    </tradeTags>
    <comps>
      <li Class="CompProperties_Forbiddable"/>
    </comps>
    <pathCost>10</pathCost>
  </ThingDef>

  <ThingDef Name="BodyPartArtificialBase" ParentName="BodyPartBase" Abstract="True">
    <thingCategories>
      <li>BodyPartsArtificial</li>
    </thingCategories>
		<statBases>
			<DeteriorationRate>2.0</DeteriorationRate>
		</statBases>
  </ThingDef>

  <ThingDef Name="BodyPartProstheticBase" ParentName="BodyPartArtificialBase" Abstract="True">
    <graphicData>
      <texPath>Things/Item/Health/HealthItemProsthetic</texPath>
      <graphicClass>Graphic_Single</graphicClass>
      <drawSize>0.80</drawSize>
    </graphicData>
    <recipeMaker>
      <workSpeedStat>SmithingSpeed</workSpeedStat>
      <workSkill>Crafting</workSkill>
      <effectWorking>Smith</effectWorking>
      <soundWorking>Recipe_Smith</soundWorking>
      <recipeUsers>
        <li>TableMachining</li>
      </recipeUsers>
      <skillRequirements>
        <Crafting>5</Crafting>
      </skillRequirements>
      <unfinishedThingDef>UnfinishedComponent</unfinishedThingDef>
      <researchPrerequisite>Prosthetics</researchPrerequisite>
    </recipeMaker>
  </ThingDef>
  <ThingDef Name="BodyPartBionicBase" ParentName="BodyPartProstheticBase" Abstract="True">
    <graphicData>
      <texPath>Things/Item/Health/HealthItemBionic</texPath>
      <graphicClass>Graphic_Single</graphicClass>
      <drawSize>0.80</drawSize>
    </graphicData>
    <recipeMaker>
      <skillRequirements>
        <Crafting>8</Crafting>
      </skillRequirements>
      <researchPrerequisite>Bionics</researchPrerequisite>
      <recipeUsers Inherit="False">
        <li>FabricationBench</li>
      </recipeUsers>
    </recipeMaker>
  </ThingDef>

  <ThingDef ParentName="BodyPartBionicBase">
    <defName>BionicEye</defName>
    <label>bionic eye</label>
    <description>An advanced artifical eye. With its biogel nerve-link, internal signal pre-processor, and wide-spectrum sensors, it is better than a biological eye in almost every way. A lattice-dust healing system allows it to recover from damage.</description>
    <techLevel>Spacer</techLevel>
    <costList>
      <Plasteel>10</Plasteel>
      <ComponentSpacer>4</ComponentSpacer>
    </costList>
    <statBases>
      <WorkToMake>38000</WorkToMake>
      <Mass>0.3</Mass>
    </statBases>
    <techHediffsTags>
      <li>Advanced</li>
    </techHediffsTags>
  </ThingDef>

-->
</Defs>
